Fly_Number,file_name,Letter,Sex,Temp,temp_room,Species,Mass,mass_dif
A11_1,A11,A,F,M,24.6,PAN,NA,0.495
A11_1,A11,A,F,M,24.6,PAL,0.495,0.495
A11_2,A11,A,F,M,24.6,PAN,0.213,0.3380000000000001
A11_2,A11,A,F,M,24.6,PAL,0.551,0.3380000000000001
A11_3,A11,A,F,M,24.6,PAN,NA,0.323
A11_3,A11,A,F,M,24.6,PAL,0.323,0.323
A11_4,A11,A,F,M,24.6,PAN,0.242,0.22000000000000003
A11_4,A11,A,F,M,24.6,PAL,0.462,0.22000000000000003
A11_5,A11,A,F,M,24.6,PAN,NA,0.432
A11_5,A11,A,F,M,24.6,PAL,0.432,0.432
A11_6,A11,A,F,M,24.6,PAN,0.261,0.07600000000000001
A11_6,A11,A,F,M,24.6,PAL,0.337,0.07600000000000001
A12_7,A12,A,M,M,24.6,PAN,0.174,0.15300000000000002
A12_7,A12,A,M,M,24.6,PAL,0.327,0.15300000000000002
A12_8,A12,A,M,M,24.6,PAN,0.162,0.162
A12_8,A12,A,M,M,24.6,PAL,0.324,0.162
A12_9,A12,A,M,M,24.6,PAN,0.176,0.127
A12_9,A12,A,M,M,24.6,PAL,0.303,0.127
A12_10,A12,A,M,M,24.6,PAN,0.165,0.146
A12_10,A12,A,M,M,24.6,PAL,0.311,0.146
A12_11,A12,A,M,M,24.6,PAN,0.137,0.16299999999999998
A12_11,A12,A,M,M,24.6,PAL,0.3,0.16299999999999998
A12_12,A12,A,M,M,24.6,PAN,0.169,0.17699999999999996
A12_12,A12,A,M,M,24.6,PAL,0.346,0.17699999999999996
A13_13,A13,A,F,M,24.6,PAN,0.276,0.21399999999999997
A13_13,A13,A,F,M,24.6,PAL,0.49,0.21399999999999997
A13_14,A13,A,F,M,24.6,PAN,0.239,0.28800000000000003
A13_14,A13,A,F,M,24.6,PAL,0.527,0.28800000000000003
A13_15,A13,A,F,M,24.6,PAN,0.287,0.23600000000000004
A13_15,A13,A,F,M,24.6,PAL,0.523,0.23600000000000004
A13_16,A13,A,F,M,24.6,PAN,0.203,0.22099999999999997
A13_16,A13,A,F,M,24.6,PAL,0.424,0.22099999999999997
A13_17,A13,A,F,M,24.6,PAN,0.266,0.352
A13_17,A13,A,F,M,24.6,PAL,0.618,0.352
A13_18,A13,A,F,M,24.6,PAN,0.272,0.22799999999999998
A13_18,A13,A,F,M,24.6,PAL,0.5,0.22799999999999998
A14_19,A14,A,M,M,24.6,PAN,0.146,0.17
A14_19,A14,A,M,M,24.6,PAL,0.316,0.17
A14_20,A14,A,M,M,24.6,PAN,0.185,0.135
A14_20,A14,A,M,M,24.6,PAL,0.32,0.135
A14_21,A14,A,M,M,24.6,PAN,0.172,0.132
A14_21,A14,A,M,M,24.6,PAL,0.304,0.132
A14_22,A14,A,M,M,24.6,PAN,0.176,0.09900000000000003
A14_22,A14,A,M,M,24.6,PAL,0.275,0.09900000000000003
A14_23,A14,A,M,M,24.6,PAN,0.183,0.11399999999999999
A14_23,A14,A,M,M,24.6,PAL,0.297,0.11399999999999999
A14_24,A14,A,M,M,24.6,PAN,0.157,0.142
A14_24,A14,A,M,M,24.6,PAL,0.299,0.142
A21_25,A21,A,F,L,20.9,PAN,0.227,0.258
A21_25,A21,A,F,L,20.9,PAL,0.485,0.258
A21_26,A21,A,F,L,20.9,PAN,0.218,0.30600000000000005
A21_26,A21,A,F,L,20.9,PAL,0.524,0.30600000000000005
A21_27,A21,A,F,L,20.9,PAN,0.212,0.274
A21_27,A21,A,F,L,20.9,PAL,0.486,0.274
A21_28,A21,A,F,L,20.9,PAN,NA,0.453
A21_28,A21,A,F,L,20.9,PAL,0.453,0.453
A21_29,A21,A,F,L,20.9,PAN,0.205,0.30300000000000005
A21_29,A21,A,F,L,20.9,PAL,0.508,0.30300000000000005
A21_30,A21,A,F,L,20.9,PAN,0.159,0.29600000000000004
A21_30,A21,A,F,L,20.9,PAL,0.455,0.29600000000000004
A22_31,A22,A,M,L,21.6,PAN,NA,0.283
A22_31,A22,A,M,L,21.6,PAL,0.283,0.283
A22_32,A22,A,M,L,21.6,PAN,0.159,0.145
A22_32,A22,A,M,L,21.6,PAL,0.304,0.145
A22_33,A22,A,M,L,21.6,PAN,NA,0.3
A22_33,A22,A,M,L,21.6,PAL,0.3,0.3
A22_34,A22,A,M,L,21.6,PAN,0.155,-0.155
A22_34,A22,A,M,L,21.6,PAL,NA,-0.155
A22_35,A22,A,M,L,21.6,PAN,0.166,0.142
A22_35,A22,A,M,L,21.6,PAL,0.308,0.142
A22_36,A22,A,M,L,21.6,PAN,0.159,0.152
A22_36,A22,A,M,L,21.6,PAL,0.311,0.152
A31_37,A31,A,F,H,30.4,PAN,0.211,0.28500000000000003
A31_37,A31,A,F,H,30.4,PAL,0.496,0.28500000000000003
A31_38,A31,A,F,H,30.4,PAN,0.284,0.191
A31_38,A31,A,F,H,30.4,PAL,0.475,0.191
A31_39,A31,A,F,H,30.4,PAN,0.219,0.232
A31_39,A31,A,F,H,30.4,PAL,0.451,0.232
A31_40,A31,A,F,H,30.4,PAN,0.215,0.259
A31_40,A31,A,F,H,30.4,PAL,0.474,0.259
A31_41,A31,A,F,H,30.4,PAN,0.233,0.278
A31_41,A31,A,F,H,30.4,PAL,0.511,0.278
A31_42,A31,A,F,H,30.4,PAN,0.24,0.22300000000000003
A31_42,A31,A,F,H,30.4,PAL,0.463,0.22300000000000003
A32_43,A32,A,M,H,30.3,PAN,0.16,0.13699999999999998
A32_43,A32,A,M,H,30.3,PAL,0.297,0.13699999999999998
A32_44,A32,A,M,H,30.3,PAN,0.147,0.156
A32_44,A32,A,M,H,30.3,PAL,0.303,0.156
A32_45,A32,A,M,H,30.3,PAN,0.167,0.145
A32_45,A32,A,M,H,30.3,PAL,0.312,0.145
A32_46,A32,A,M,H,30.3,PAN,0.166,0.12099999999999997
A32_46,A32,A,M,H,30.3,PAL,0.287,0.12099999999999997
A32_47,A32,A,M,H,30.3,PAN,0.172,0.16700000000000004
A32_47,A32,A,M,H,30.3,PAL,0.339,0.16700000000000004
A32_48,A32,A,M,H,30.3,PAN,0.173,0.127
A32_48,A32,A,M,H,30.3,PAL,0.3,0.127
B11_1,B11,B,M,H,30.2,PAN,0.153,0.218
B11_1,B11,B,M,H,30.2,PAL,0.371,0.218
B11_2,B11,B,M,H,30.2,PAN,0.156,0.17300000000000001
B11_2,B11,B,M,H,30.2,PAL,0.329,0.17300000000000001
B11_3,B11,B,M,H,30.2,PAN,0.166,0.13799999999999998
B11_3,B11,B,M,H,30.2,PAL,0.304,0.13799999999999998
B11_4,B11,B,M,H,30.2,PAN,0.178,0.11499999999999999
B11_4,B11,B,M,H,30.2,PAL,0.293,0.11499999999999999
B11_5,B11,B,M,H,30.2,PAN,NA,NA
B11_5,B11,B,M,H,30.2,PAL,NA,NA
B12_6,B12,B,F,H,30.2,PAN,0.205,0.23
B12_6,B12,B,F,H,30.2,PAL,0.435,0.23
B12_7,B12,B,F,H,30.2,PAN,0.296,0.26999999999999996
B12_7,B12,B,F,H,30.2,PAL,0.566,0.26999999999999996
B12_8,B12,B,F,H,30.2,PAN,0.215,0.24400000000000002
B12_8,B12,B,F,H,30.2,PAL,0.459,0.24400000000000002
B12_9,B12,B,F,H,30.2,PAN,NA,NA
B12_9,B12,B,F,H,30.2,PAL,NA,NA
B12_10,B12,B,F,H,30.2,PAN,0.204,0.30100000000000005
B12_10,B12,B,F,H,30.2,PAL,0.505,0.30100000000000005
B21_11,B21,B,M,L,20.9,PAN,0.162,0.154
B21_11,B21,B,M,L,20.9,PAL,0.316,0.154
B21_12,B21,B,M,L,20.9,PAN,0.184,0.17099999999999999
B21_12,B21,B,M,L,20.9,PAL,0.355,0.17099999999999999
B21_13,B21,B,M,L,20.9,PAN,NA,NA
B21_13,B21,B,M,L,20.9,PAL,NA,NA
B21_14,B21,B,M,L,20.9,PAN,0.186,0.14600000000000002
B21_14,B21,B,M,L,20.9,PAL,0.332,0.14600000000000002
B21_15,B21,B,M,L,20.9,PAN,NA,NA
B21_15,B21,B,M,L,20.9,PAL,NA,NA
B22_16,B22,B,F,L,21.2,PAN,0.203,0.35500000000000004
B22_16,B22,B,F,L,21.2,PAL,0.558,0.35500000000000004
B22_17,B22,B,F,L,21.2,PAN,0.225,0.396
B22_17,B22,B,F,L,21.2,PAL,0.621,0.396
B22_18,B22,B,F,L,21.2,PAN,NA,NA
B22_18,B22,B,F,L,21.2,PAL,NA,NA
B22_19,B22,B,F,L,21.2,PAN,0.257,0.34199999999999997
B22_19,B22,B,F,L,21.2,PAL,0.599,0.34199999999999997
B22_20,B22,B,F,L,21.2,PAN,0.246,0.33399999999999996
B22_20,B22,B,F,L,21.2,PAL,0.58,0.33399999999999996
B31_21,B31,B,M,M,25.5,PAN,NA,NA
B31_21,B31,B,M,M,25.5,PAL,NA,NA
B31_22,B31,B,M,M,25.5,PAN,0.152,0.169
B31_22,B31,B,M,M,25.5,PAL,0.321,0.169
B31_23,B31,B,M,M,25.5,PAN,NA,NA
B31_23,B31,B,M,M,25.5,PAL,NA,NA
B31_24,B31,B,M,M,25.5,PAN,NA,NA
B31_24,B31,B,M,M,25.5,PAL,NA,NA
B31_25,B31,B,M,M,25.5,PAN,NA,NA
B31_25,B31,B,M,M,25.5,PAL,NA,NA
B32_26,B32,B,F,M,25.5,PAN,0.236,0.354
B32_26,B32,B,F,M,25.5,PAL,0.59,0.354
B32_27,B32,B,F,M,25.5,PAN,0.227,0.395
B32_27,B32,B,F,M,25.5,PAL,0.622,0.395
B32_28,B32,B,F,M,25.5,PAN,NA,NA
B32_28,B32,B,F,M,25.5,PAL,NA,NA
B32_29,B32,B,F,M,25.5,PAN,0.225,0.256
B32_29,B32,B,F,M,25.5,PAL,0.481,0.256
B32_30,B32,B,F,M,25.5,PAN,0.226,0.28700000000000003
B32_30,B32,B,F,M,25.5,PAL,0.513,0.28700000000000003
C11_1,C11,C,F,L,20.9,PAN,0.251,0.30500000000000005
C11_1,C11,C,F,L,20.9,PAL,0.556,0.30500000000000005
C11_2,C11,C,F,L,20.9,PAN,0.242,0.21700000000000003
C11_2,C11,C,F,L,20.9,PAL,0.459,0.21700000000000003
C11_3,C11,C,F,L,20.9,PAN,0.293,0.25200000000000006
C11_3,C11,C,F,L,20.9,PAL,0.545,0.25200000000000006
C11_4,C11,C,F,L,20.9,PAN,0.25,0.22699999999999998
C11_4,C11,C,F,L,20.9,PAL,0.477,0.22699999999999998
C11_5,C11,C,F,L,20.9,PAN,0.246,0.25
C11_5,C11,C,F,L,20.9,PAL,0.496,0.25
C11_6,C11,C,F,L,20.9,PAN,0.22,0.234
C11_6,C11,C,F,L,20.9,PAL,0.454,0.234
C12_7,C12,C,M,L,20.9,PAN,0.179,0.10000000000000003
C12_7,C12,C,M,L,20.9,PAL,0.279,0.10000000000000003
C12_8,C12,C,M,L,20.9,PAN,0.176,0.133
C12_8,C12,C,M,L,20.9,PAL,0.309,0.133
C12_9,C12,C,M,L,20.9,PAN,0.174,0.14900000000000002
C12_9,C12,C,M,L,20.9,PAL,0.323,0.14900000000000002
C12_10,C12,C,M,L,20.9,PAN,0.175,0.124
C12_10,C12,C,M,L,20.9,PAL,0.299,0.124
C12_11,C12,C,M,L,20.9,PAN,0.174,0.173
C12_11,C12,C,M,L,20.9,PAL,0.347,0.173
C12_12,C12,C,M,L,20.9,PAN,0.189,0.14
C12_12,C12,C,M,L,20.9,PAL,0.329,0.14
C13_13,C13,C,F,L,20.9,PAN,0.238,0.28400000000000003
C13_13,C13,C,F,L,20.9,PAL,0.522,0.28400000000000003
C13_14,C13,C,F,L,20.9,PAN,NA,0.537
C13_14,C13,C,F,L,20.9,PAL,0.537,0.537
C13_15,C13,C,F,L,20.9,PAN,0.213,0.24700000000000003
C13_15,C13,C,F,L,20.9,PAL,0.46,0.24700000000000003
C13_16,C13,C,F,L,20.9,PAN,0.286,0.189
C13_16,C13,C,F,L,20.9,PAL,0.475,0.189
C13_17,C13,C,F,L,20.9,PAN,0.26,0.256
C13_17,C13,C,F,L,20.9,PAL,0.516,0.256
C13_18,C13,C,F,L,20.9,PAN,0.229,0.24499999999999997
C13_18,C13,C,F,L,20.9,PAL,0.474,0.24499999999999997
C14_19,C14,C,M,L,20.9,PAN,0.152,0.155
C14_19,C14,C,M,L,20.9,PAL,0.307,0.155
C14_20,C14,C,M,L,20.9,PAN,0.167,0.169
C14_20,C14,C,M,L,20.9,PAL,0.336,0.169
C14_21,C14,C,M,L,20.9,PAN,NA,0.328
C14_21,C14,C,M,L,20.9,PAL,0.328,0.328
C14_22,C14,C,M,L,20.9,PAN,0.174,0.10600000000000004
C14_22,C14,C,M,L,20.9,PAL,0.28,0.10600000000000004
C14_23,C14,C,M,L,20.9,PAN,0.174,0.14500000000000002
C14_23,C14,C,M,L,20.9,PAL,0.319,0.14500000000000002
C14_24,C14,C,M,L,20.9,PAN,NA,0.344
C14_24,C14,C,M,L,20.9,PAL,0.344,0.344
C21_25,C21,C,F,H,30,PAN,0.202,0.321
C21_25,C21,C,F,H,30,PAL,0.523,0.321
C21_26,C21,C,F,H,30,PAN,0.265,0.22199999999999998
C21_26,C21,C,F,H,30,PAL,0.487,0.22199999999999998
C21_27,C21,C,F,H,30,PAN,0.241,0.33699999999999997
C21_27,C21,C,F,H,30,PAL,0.578,0.33699999999999997
C21_28,C21,C,F,H,30,PAN,0.247,0.30800000000000005
C21_28,C21,C,F,H,30,PAL,0.555,0.30800000000000005
C21_29,C21,C,F,H,30,PAN,0.293,0.21800000000000003
C21_29,C21,C,F,H,30,PAL,0.511,0.21800000000000003
C21_30,C21,C,F,H,30,PAN,0.259,0.32599999999999996
C21_30,C21,C,F,H,30,PAL,0.585,0.32599999999999996
C22_31,C22,C,M,H,30,PAN,0.188,0.135
C22_31,C22,C,M,H,30,PAL,0.323,0.135
C22_32,C22,C,M,H,30,PAN,0.173,0.16300000000000003
C22_32,C22,C,M,H,30,PAL,0.336,0.16300000000000003
C22_33,C22,C,M,H,30,PAN,0.158,0.147
C22_33,C22,C,M,H,30,PAL,0.305,0.147
C22_34,C22,C,M,H,30,PAN,0.311,-0.05499999999999999
C22_34,C22,C,M,H,30,PAL,0.256,-0.05499999999999999
C22_35,C22,C,M,H,30,PAN,0.163,0.17
C22_35,C22,C,M,H,30,PAL,0.333,0.17
C22_36,C22,C,M,H,30,PAN,0.171,0.146
C22_36,C22,C,M,H,30,PAL,0.317,0.146
C23_37,C23,C,F,H,30,PAN,0.198,0.334
C23_37,C23,C,F,H,30,PAL,0.532,0.334
C23_38,C23,C,F,H,30,PAN,0.251,0.29600000000000004
C23_38,C23,C,F,H,30,PAL,0.547,0.29600000000000004
C23_39,C23,C,F,H,30,PAN,0.262,0.256
C23_39,C23,C,F,H,30,PAL,0.518,0.256
C23_40,C23,C,F,H,30,PAN,0.274,0.2919999999999999
C23_40,C23,C,F,H,30,PAL,0.566,0.2919999999999999
C23_41,C23,C,F,H,30,PAN,NA,0.416
C23_41,C23,C,F,H,30,PAL,0.416,0.416
C23_42,C23,C,F,H,30,PAN,0.281,0.2869999999999999
C23_42,C23,C,F,H,30,PAL,0.568,0.2869999999999999
C24_43,C24,C,M,H,30,PAN,0.188,0.10499999999999998
C24_43,C24,C,M,H,30,PAL,0.293,0.10499999999999998
C24_44,C24,C,M,H,30,PAN,0.176,0.10799999999999998
C24_44,C24,C,M,H,30,PAL,0.284,0.10799999999999998
C24_45,C24,C,M,H,30,PAN,0.176,0.14800000000000002
C24_45,C24,C,M,H,30,PAL,0.324,0.14800000000000002
C24_46,C24,C,M,H,30,PAN,0.177,0.182
C24_46,C24,C,M,H,30,PAL,0.359,0.182
C24_47,C24,C,M,H,30,PAN,NA,0.313
C24_47,C24,C,M,H,30,PAL,0.313,0.313
C24_48,C24,C,M,H,30,PAN,0.174,0.183
C24_48,C24,C,M,H,30,PAL,0.357,0.183
C31_49,C31,C,F,M,25,PAN,NA,0.46
C31_49,C31,C,F,M,25,PAL,0.46,0.46
C31_50,C31,C,F,M,25,PAN,NA,0.555
C31_50,C31,C,F,M,25,PAL,0.555,0.555
C31_51,C31,C,F,M,25,PAN,0.251,0.267
C31_51,C31,C,F,M,25,PAL,0.518,0.267
C31_52,C31,C,F,M,25,PAN,0.271,0.29999999999999993
C31_52,C31,C,F,M,25,PAL,0.571,0.29999999999999993
C31_53,C31,C,F,M,25,PAN,0.251,0.33499999999999996
C31_53,C31,C,F,M,25,PAL,0.586,0.33499999999999996
C31_54,C31,C,F,M,25,PAN,0.245,0.18
C31_54,C31,C,F,M,25,PAL,0.425,0.18
C32_55,C32,C,M,M,25,PAN,0.165,0.12799999999999997
C32_55,C32,C,M,M,25,PAL,0.293,0.12799999999999997
C32_56,C32,C,M,M,25,PAN,0.153,0.18900000000000003
C32_56,C32,C,M,M,25,PAL,0.342,0.18900000000000003
C32_57,C32,C,M,M,25,PAN,0.174,0.14
C32_57,C32,C,M,M,25,PAL,0.314,0.14
C32_58,C32,C,M,M,25,PAN,0.158,0.18200000000000002
C32_58,C32,C,M,M,25,PAL,0.34,0.18200000000000002
C32_59,C32,C,M,M,25,PAN,0.161,0.17200000000000001
C32_59,C32,C,M,M,25,PAL,0.333,0.17200000000000001
C32_60,C32,C,M,M,25,PAN,0.172,0.20900000000000002
C32_60,C32,C,M,M,25,PAL,0.381,0.20900000000000002
C33_61,C33,C,F,M,25,PAN,0.28,0.23099999999999998
C33_61,C33,C,F,M,25,PAL,0.511,0.23099999999999998
C33_62,C33,C,F,M,25,PAN,0.241,0.30300000000000005
C33_62,C33,C,F,M,25,PAL,0.544,0.30300000000000005
C33_63,C33,C,F,M,25,PAN,0.259,0.32299999999999995
C33_63,C33,C,F,M,25,PAL,0.582,0.32299999999999995
C33_64,C33,C,F,M,25,PAN,0.26,0.32999999999999996
C33_64,C33,C,F,M,25,PAL,0.59,0.32999999999999996
C33_65,C33,C,F,M,25,PAN,0.285,0.196
C33_65,C33,C,F,M,25,PAL,0.481,0.196
C33_66,C33,C,F,M,25,PAN,NA,0.553
C33_66,C33,C,F,M,25,PAL,0.553,0.553
C34_67,C34,C,M,M,25,PAN,0.187,0.11199999999999999
C34_67,C34,C,M,M,25,PAL,0.299,0.11199999999999999
C34_68,C34,C,M,M,25,PAN,0.169,0.164
C34_68,C34,C,M,M,25,PAL,0.333,0.164
C34_69,C34,C,M,M,25,PAN,0.161,0.168
C34_69,C34,C,M,M,25,PAL,0.329,0.168
C34_70,C34,C,M,M,25,PAN,0.189,0.14200000000000002
C34_70,C34,C,M,M,25,PAL,0.331,0.14200000000000002
C34_71,C34,C,M,M,25,PAN,0.143,0.18000000000000002
C34_71,C34,C,M,M,25,PAL,0.323,0.18000000000000002
C34_72,C34,C,M,M,25,PAN,NA,NA
C34_72,C34,C,M,M,25,PAL,NA,NA
D11_1,D11,D,M,M,25.6,PAN,0.154,0.18300000000000002
D11_1,D11,D,M,M,25.6,PAL,0.337,0.18300000000000002
D11_2,D11,D,M,M,25.6,PAN,0.177,0.15400000000000003
D11_2,D11,D,M,M,25.6,PAL,0.331,0.15400000000000003
D11_3,D11,D,M,M,25.6,PAN,0.157,0.18000000000000002
D11_3,D11,D,M,M,25.6,PAL,0.337,0.18000000000000002
D11_4,D11,D,M,M,25.6,PAN,0.15,0.17500000000000002
D11_4,D11,D,M,M,25.6,PAL,0.325,0.17500000000000002
D11_5,D11,D,M,M,25.6,PAN,0.188,0.137
D11_5,D11,D,M,M,25.6,PAL,0.325,0.137
D11_6,D11,D,M,M,25.6,PAN,0.166,0.16
D11_6,D11,D,M,M,25.6,PAL,0.326,0.16
D12_7,D12,D,F,M,25.3,PAN,0.257,0.14800000000000002
D12_7,D12,D,F,M,25.3,PAL,0.405,0.14800000000000002
D12_8,D12,D,F,M,25.3,PAN,0.239,0.05199999999999999
D12_8,D12,D,F,M,25.3,PAL,0.291,0.05199999999999999
D12_9,D12,D,F,M,25.3,PAN,0.263,0.19
D12_9,D12,D,F,M,25.3,PAL,0.453,0.19
D12_10,D12,D,F,M,25.3,PAN,0.225,0.267
D12_10,D12,D,F,M,25.3,PAL,0.492,0.267
D12_11,D12,D,F,M,25.3,PAN,0.243,0.21100000000000002
D12_11,D12,D,F,M,25.3,PAL,0.454,0.21100000000000002
D12_12,D12,D,F,M,25.3,PAN,0.172,0.317
D12_12,D12,D,F,M,25.3,PAL,0.489,0.317
D13_13,D13,D,M,M,25.1,PAN,NA,NA
D13_13,D13,D,M,M,25.1,PAL,NA,NA
D13_14,D13,D,M,M,25.1,PAN,0.163,0.155
D13_14,D13,D,M,M,25.1,PAL,0.318,0.155
D13_15,D13,D,M,M,25.1,PAN,0.161,0.13599999999999998
D13_15,D13,D,M,M,25.1,PAL,0.297,0.13599999999999998
D13_16,D13,D,M,M,25.1,PAN,0.164,0.13799999999999998
D13_16,D13,D,M,M,25.1,PAL,0.302,0.13799999999999998
D13_17,D13,D,M,M,25.1,PAN,0.149,0.157
D13_17,D13,D,M,M,25.1,PAL,0.306,0.157
D13_18,D13,D,M,M,25.1,PAN,0.167,-0.167
D13_18,D13,D,M,M,25.1,PAL,NA,-0.167
D14_19,D14,D,F,M,25.3,PAN,0.154,0.24900000000000003
D14_19,D14,D,F,M,25.3,PAL,0.403,0.24900000000000003
D14_20,D14,D,F,M,25.3,PAN,0.245,0.183
D14_20,D14,D,F,M,25.3,PAL,0.428,0.183
D14_21,D14,D,F,M,25.3,PAN,0.27,0.238
D14_21,D14,D,F,M,25.3,PAL,0.508,0.238
D14_22,D14,D,F,M,25.3,PAN,0.257,0.15599999999999997
D14_22,D14,D,F,M,25.3,PAL,0.413,0.15599999999999997
D14_23,D14,D,F,M,25.3,PAN,0.236,0.21900000000000003
D14_23,D14,D,F,M,25.3,PAL,0.455,0.21900000000000003
D14_24,D14,D,F,M,25.3,PAN,0.193,0.293
D14_24,D14,D,F,M,25.3,PAL,0.486,0.293
D21_25,D21,D,M,H,30.6,PAN,0.164,0.143
D21_25,D21,D,M,H,30.6,PAL,0.307,0.143
D21_26,D21,D,M,H,30.6,PAN,0.153,0.10300000000000001
D21_26,D21,D,M,H,30.6,PAL,0.256,0.10300000000000001
D21_27,D21,D,M,H,30.6,PAN,NA,0.334
D21_27,D21,D,M,H,30.6,PAL,0.334,0.334
D21_28,D21,D,M,H,30.6,PAN,0.146,0.095
D21_28,D21,D,M,H,30.6,PAL,0.241,0.095
D21_29,D21,D,M,H,30.6,PAN,NA,0.276
D21_29,D21,D,M,H,30.6,PAL,0.276,0.276
D21_30,D21,D,M,H,30.6,PAN,0.153,0.12800000000000003
D21_30,D21,D,M,H,30.6,PAL,0.281,0.12800000000000003
D22_31,D22,D,F,H,30.2,PAN,0.202,0.16299999999999998
D22_31,D22,D,F,H,30.2,PAL,0.365,0.16299999999999998
D22_32,D22,D,F,H,30.2,PAN,0.225,0.19299999999999998
D22_32,D22,D,F,H,30.2,PAL,0.418,0.19299999999999998
D22_33,D22,D,F,H,30.2,PAN,0.24,0.22700000000000004
D22_33,D22,D,F,H,30.2,PAL,0.467,0.22700000000000004
D22_34,D22,D,F,H,30.2,PAN,0.284,0.11800000000000005
D22_34,D22,D,F,H,30.2,PAL,0.402,0.11800000000000005
D22_35,D22,D,F,H,30.2,PAN,0.261,0.20500000000000002
D22_35,D22,D,F,H,30.2,PAL,0.466,0.20500000000000002
D22_36,D22,D,F,H,30.2,PAN,0.235,0.18
D22_36,D22,D,F,H,30.2,PAL,0.415,0.18
D23_37,D23,D,M,H,30.3,PAN,NA,0.29
D23_37,D23,D,M,H,30.3,PAL,0.29,0.29
D23_38,D23,D,M,H,30.3,PAN,0.168,0.13199999999999998
D23_38,D23,D,M,H,30.3,PAL,0.3,0.13199999999999998
D23_39,D23,D,M,H,30.3,PAN,0.176,0.08900000000000002
D23_39,D23,D,M,H,30.3,PAL,0.265,0.08900000000000002
D23_40,D23,D,M,H,30.3,PAN,0.168,0.11499999999999996
D23_40,D23,D,M,H,30.3,PAL,0.283,0.11499999999999996
D23_41,D23,D,M,H,30.3,PAN,0.167,0.08499999999999999
D23_41,D23,D,M,H,30.3,PAL,0.252,0.08499999999999999
D23_42,D23,D,M,H,30.3,PAN,0.172,0.07600000000000001
D23_42,D23,D,M,H,30.3,PAL,0.248,0.07600000000000001
D24_43,D24,D,F,H,30.3,PAN,NA,0.452
D24_43,D24,D,F,H,30.3,PAL,0.452,0.452
D24_44,D24,D,F,H,30.3,PAN,0.209,0.161
D24_44,D24,D,F,H,30.3,PAL,0.37,0.161
D24_45,D24,D,F,H,30.3,PAN,0.223,0.233
D24_45,D24,D,F,H,30.3,PAL,0.456,0.233
D24_46,D24,D,F,H,30.3,PAN,0.233,0.215
D24_46,D24,D,F,H,30.3,PAL,0.448,0.215
D24_47,D24,D,F,H,30.3,PAN,0.221,0.19599999999999998
D24_47,D24,D,F,H,30.3,PAL,0.417,0.19599999999999998
D24_48,D24,D,F,H,30.3,PAN,0.186,0.137
D24_48,D24,D,F,H,30.3,PAL,0.323,0.137
D31_49,D31,D,M,L,20.6,PAN,0.158,0.12300000000000003
D31_49,D31,D,M,L,20.6,PAL,0.281,0.12300000000000003
D31_50,D31,D,M,L,20.6,PAN,0.214,0.10600000000000001
D31_50,D31,D,M,L,20.6,PAL,0.32,0.10600000000000001
D31_51,D31,D,M,L,20.6,PAN,0.174,0.09600000000000003
D31_51,D31,D,M,L,20.6,PAL,0.27,0.09600000000000003
D31_52,D31,D,M,L,20.6,PAN,0.172,0.133
D31_52,D31,D,M,L,20.6,PAL,0.305,0.133
D31_53,D31,D,M,L,20.6,PAN,0.182,0.064
D31_53,D31,D,M,L,20.6,PAL,0.246,0.064
D31_54,D31,D,M,L,20.6,PAN,0.175,0.14200000000000002
D31_54,D31,D,M,L,20.6,PAL,0.317,0.14200000000000002
D32_55,D32,D,F,L,21.1,PAN,0.219,0.277
D32_55,D32,D,F,L,21.1,PAL,0.496,0.277
D32_56,D32,D,F,L,21.1,PAN,NA,0.496
D32_56,D32,D,F,L,21.1,PAL,0.496,0.496
D32_57,D32,D,F,L,21.1,PAN,0.23,0.07699999999999999
D32_57,D32,D,F,L,21.1,PAL,0.307,0.07699999999999999
D32_58,D32,D,F,L,21.1,PAN,0.222,0.221
D32_58,D32,D,F,L,21.1,PAL,0.443,0.221
D32_59,D32,D,F,L,21.1,PAN,0.212,0.19000000000000003
D32_59,D32,D,F,L,21.1,PAL,0.402,0.19000000000000003
D32_60,D32,D,F,L,21.1,PAN,NA,NA
D32_60,D32,D,F,L,21.1,PAL,NA,NA
D33_61,D33,D,M,L,21.1,PAN,0.243,0.181
D33_61,D33,D,M,L,21.1,PAL,0.424,0.181
D33_62,D33,D,M,L,21.1,PAN,0.17,-0.17
D33_62,D33,D,M,L,21.1,PAL,NA,-0.17
D33_63,D33,D,M,L,21.1,PAN,0.158,0.11500000000000002
D33_63,D33,D,M,L,21.1,PAL,0.273,0.11500000000000002
D33_64,D33,D,M,L,21.1,PAN,0.191,0.126
D33_64,D33,D,M,L,21.1,PAL,0.317,0.126
D33_65,D33,D,M,L,21.1,PAN,NA,NA
D33_65,D33,D,M,L,21.1,PAL,NA,NA
D33_66,D33,D,M,L,21.1,PAN,0.193,-0.193
D33_66,D33,D,M,L,21.1,PAL,NA,-0.193
D34_67,D34,D,F,L,21.3,PAN,0.23,0.216
D34_67,D34,D,F,L,21.3,PAL,0.446,0.216
D34_68,D34,D,F,L,21.3,PAN,0.204,0.24500000000000002
D34_68,D34,D,F,L,21.3,PAL,0.449,0.24500000000000002
D34_69,D34,D,F,L,21.3,PAN,0.251,0.16199999999999998
D34_69,D34,D,F,L,21.3,PAL,0.413,0.16199999999999998
D34_70,D34,D,F,L,21.3,PAN,0.203,0.252
D34_70,D34,D,F,L,21.3,PAL,0.455,0.252
D34_71,D34,D,F,L,21.3,PAN,0.282,0.16300000000000003
D34_71,D34,D,F,L,21.3,PAL,0.445,0.16300000000000003
D34_72,D34,D,F,L,21.3,PAN,0.229,0.19599999999999998
D34_72,D34,D,F,L,21.3,PAL,0.425,0.19599999999999998
